INSERT INTO Employees (emp_id, emp_name, emp_email, emp_salary, emp_join_date, emp_department) VALUES
(1, 'Ali Ahmad', 'ali.ahmad@example.com', 3000, '2022-01-15', 'HR'),
(2, 'Sara Khaled', 'sara.khaled@example.com', 3500, '2021-06-10', 'Finance'),
(3, 'Omar Saleh', 'omar.saleh@example.com', 4000, '2023-03-20', 'IT'),
(4, 'Lina Fadi', 'lina.fadi@example.com', 3200, '2022-11-05', 'Marketing'),
(5, 'Hani Tarek', 'hani.tarek@example.com', 3800, '2021-09-12', 'IT'),
(6, 'Nour Jaber', 'nour.jaber@example.com', 3100, '2022-02-18', 'HR'),
(7, 'Fadi Samir', 'fadi.samir@example.com', 3700, '2021-08-21', 'Finance'),
(8, 'Rana Maher', 'rana.maher@example.com', 3600, '2023-01-12', 'Marketing'),
(9, 'Yousef Ziad', 'yousef.ziad@example.com', 3900, '2022-07-30', 'IT'),
(10, 'Huda Nabil', 'huda.nabil@example.com', 3400, '2022-09-25', 'HR'),
(11, 'Tamer Sami', 'tamer.sami@example.com', 4000, '2021-05-14', 'Finance'),
(12, 'Lina Rami', 'lina.rami@example.com', 3300, '2023-04-10', 'Marketing'),
(13, 'Omar Fadi', 'omar.fadi@example.com', 4200, '2022-06-08', 'IT'),
(14, 'Mona Khalil', 'mona.khalil@example.com', 3100, '2021-12-22', 'HR'),
(15, 'Adel Ziad', 'adel.ziad@example.com', 3700, '2023-02-18', 'Finance'),
(16, 'Rania Samir', 'rania.samir@example.com', 3500, '2022-03-25', 'Marketing'),
(17, 'Hani Ahmad', 'hani.ahmad@example.com', 3900, '2022-05-10', 'IT'),
(18, 'Sara Fadi', 'sara.fadi@example.com', 3200, '2021-07-15', 'HR'),
(19, 'Omar Khaled', 'omar.khaled@example.com', 3800, '2023-01-20', 'Finance'),
(20, 'Lina Nabil', 'lina.nabil@example.com', 3600, '2022-10-05', 'Marketing');
INSERT INTO Departments (dept_id, dept_name, dept_location, dept_head, dept_budget) VALUES
(1, 'HR', 'Amman', 'Ali Ahmad', 50000),
(2, 'Finance', 'Zarqa', 'Sara Khaled', 75000),
(3, 'IT', 'Amman', 'Omar Saleh', 120000),
(4, 'Marketing', 'Irbid', 'Lina Fadi', 60000),
(5, 'Sales', 'Amman', 'Hani Tarek', 80000),
(6, 'Support', 'Zarqa', 'Nour Jaber', 45000),
(7, 'Logistics', 'Amman', 'Fadi Samir', 70000),
(8, 'Legal', 'Irbid', 'Rana Maher', 55000),
(9, 'R&D', 'Amman', 'Yousef Ziad', 90000),
(10, 'Admin', 'Amman', 'Huda Nabil', 40000),
(11, 'Procurement', 'Zarqa', 'Tamer Sami', 65000),
(12, 'Quality', 'Irbid', 'Lina Rami', 50000),
(13, 'Operations', 'Amman', 'Omar Fadi', 85000),
(14, 'Security', 'Amman', 'Mona Khalil', 30000),
(15, 'Training', 'Zarqa', 'Adel Ziad', 35000),
(16, 'IT Support', 'Amman', 'Rania Samir', 45000),
(17, 'Customer Care', 'Irbid', 'Hani Ahmad', 40000),
(18, 'Marketing Research', 'Amman', 'Sara Fadi', 55000),
(19, 'Finance Analysis', 'Zarqa', 'Omar Khaled', 60000),
(20, 'Sales Support', 'Amman', 'Lina Nabil', 50000);
INSERT INTO Customers (cust_id, cust_name, cust_email, cust_phone, cust_address) VALUES
(1, 'Ahmad Youssef', 'ahmad.y@example.com', '0791234567', 'Amman, Jordan'),
(2, 'Mona Khalil', 'mona.k@example.com', '0789876543', 'Irbid, Jordan'),
(3, 'Samir Hadi', 'samir.h@example.com', '0774567890', 'Zarqa, Jordan'),
(4, 'Laila Fathi', 'laila.f@example.com', '0791122334', 'Amman, Jordan'),
(5, 'Tamer Sami', 'tamer.s@example.com', '0782233445', 'Madaba, Jordan'),
(6, 'Rana Maher', 'rana.m@example.com', '0793344556', 'Amman, Jordan'),
(7, 'Omar Khaled', 'omar.k@example.com', '0786677889', 'Irbid, Jordan'),
(8, 'Sara Nabil', 'sara.n@example.com', '0779988776', 'Zarqa, Jordan'),
(9, 'Fadi Rami', 'fadi.r@example.com', '0794455667', 'Amman, Jordan'),
(10, 'Huda Sami', 'huda.s@example.com', '0785566778', 'Madaba, Jordan'),
(11, 'Ali Fathi', 'ali.f@example.com', '0797788990', 'Irbid, Jordan'),
(12, 'Lina Ahmad', 'lina.a@example.com', '0788899001', 'Amman, Jordan'),
(13, 'Yousef Jaber', 'yousef.j@example.com', '0776677889', 'Zarqa, Jordan'),
(14, 'Nour Khalil', 'nour.k@example.com', '0792233445', 'Amman, Jordan'),
(15, 'Adel Hadi', 'adel.h@example.com', '0783344556', 'Irbid, Jordan'),
(16, 'Rania Nabil', 'rania.n@example.com', '0774455667', 'Madaba, Jordan'),
(17, 'Hani Samir', 'hani.s@example.com', '0795566778', 'Amman, Jordan'),
(18, 'Mona Fathi', 'mona.f@example.com', '0786677889', 'Zarqa, Jordan'),
(19, 'Omar Ahmad', 'omar.a@example.com', '0777788990', 'Amman, Jordan'),
(20, 'Lina Tarek', 'lina.t@example.com', '0798899001', 'Irbid, Jordan');
INSERT INTO Orders (order_id, cust_id, order_date, order_amount, order_status, order_notes) VALUES
(1, 1, '2023-11-01', 250, 'Delivered', 'No issues'),
(2, 2, '2023-11-05', 400, 'Pending', 'Urgent delivery'),
(3, 3, '2023-10-20', 150, 'Cancelled', 'Customer requested'),
(4, 4, '2023-11-10', 300, 'Delivered', 'Gift wrap'),
(5, 5, '2023-11-12', 500, 'Pending', 'Express shipping'),
(6, 6, '2023-10-18', 200, 'Delivered', 'No issues'),
(7, 7, '2023-11-15', 450, 'Pending', 'Call before delivery'),
(8, 8, '2023-11-20', 350, 'Delivered', 'Gift wrap'),
(9, 9, '2023-10-25', 400, 'Cancelled', 'Out of stock'),
(10, 10, '2023-11-01', 250, 'Delivered', 'No issues'),
(11, 11, '2023-11-02', 300, 'Pending', 'Urgent'),
(12, 12, '2023-11-03', 150, 'Delivered', 'No issues'),
(13, 13, '2023-11-04', 500, 'Pending', 'Express'),
(14, 14, '2023-11-05', 350, 'Delivered', 'Gift wrap'),
(15, 15, '2023-11-06', 400, 'Cancelled', 'Customer requested'),
(16, 16, '2023-11-07', 200, 'Delivered', 'No issues'),
(17, 17, '2023-11-08', 450, 'Pending', 'Call before delivery'),
(18, 18, '2023-11-09', 300, 'Delivered', 'No issues'),
(19, 19, '2023-11-10', 500, 'Pending', 'Express shipping'),
(20, 20, '2023-11-11', 350, 'Delivered', 'Gift wrap');
INSERT INTO Products (product_id, product_name, product_category, product_price, product_stock) VALUES
(1, 'Laptop', 'Electronics', 800, 20),
(2, 'Printer', 'Electronics', 150, 15),
(3, 'Desk Chair', 'Furniture', 120, 30),
(4, 'Notebook', 'Stationery', 3, 200),
(5, 'Pen', 'Stationery', 1, 500),
(6, 'Monitor', 'Electronics', 200, 25),
(7, 'Mouse', 'Electronics', 25, 100),
(8, 'Keyboard', 'Electronics', 40, 80),
(9, 'Table', 'Furniture', 250, 10),
(10, 'Cabinet', 'Furniture', 300, 5),
(11, 'Eraser', 'Stationery', 0.5, 400),
(12, 'Marker', 'Stationery', 2, 150),
(13, 'Chair Cushion', 'Furniture', 30, 50),
(14, 'Headphones', 'Electronics', 60, 40),
(15, 'USB Drive', 'Electronics', 15, 120),
(16, 'Stapler', 'Stationery', 5, 70),
(17, 'Projector', 'Electronics', 500, 8),
(18, 'Whiteboard', 'Furniture', 150, 12),
(19, 'Calculator', 'Electronics', 20, 60),
(20, 'Paper Pack', 'Stationery', 10, 300);
 

